{
  "intercept": 57.37667175736418,
  "eda_coef": 0.17335274872258022,
  "hr_coef": 0.2070502690265095,
  "temp_coef": 0.02906232753482747
}